リンクされたファイル名,状況
http://www.adobe.com/jp/joc/a9guide/images/pocket05.gif,"(No Response)"
http://www.kddi.com/common/js/s_code_kddi.js,"HTTP/1.1 404 Not Found"
https://kit.fontawesome.com/e6ece4df64.js,"HTTP/1.1 403 Forbidden"
https://www.shizuokagas.co.jp/%E6%A5%AD%E5%8B%99%E7%94%A8%E6%96%99%E9%87%91%E3%80%80%E7%A2%BA%E8%AA%8D%E7%94%BB%E9%9D%A2_files/ban_webeneria_sp.png,"HTTP/1.1 404 Not Found"
https://www.shizuokagas.co.jp/%E6%A5%AD%E5%8B%99%E7%94%A8%E6%96%99%E9%87%91%E3%80%80%E7%A2%BA%E8%AA%8D%E7%94%BB%E9%9D%A2_files/logo_sp.png,"HTTP/1.1 404 Not Found"
https://www.shizuokagas.co.jp/_Incapsula_Resource?SWJIYLWA=719d34d31c8e3a6e6fffd425f7e032f3&ns=1&cb=1517755279,"HTTP/1.1 404 Not Found"
https://www.shizuokagas.co.jp/_Incapsula_Resource?SWJIYLWA=719d34d31c8e3a6e6fffd425f7e032f3&ns=1&cb=2004472854,"HTTP/1.1 404 Not Found"
https://www.shizuokagas.co.jp/_Incapsula_Resource?SWJIYLWA=719d34d31c8e3a6e6fffd425f7e032f3&ns=1&cb=2048391189,"HTTP/1.1 404 Not Found"
https://www.shizuokagas.co.jp/_Incapsula_Resource?SWJIYLWA=719d34d31c8e3a6e6fffd425f7e032f3&ns=1&cb=472667032,"HTTP/1.1 404 Not Found"
https://www.shizuokagas.co.jp/_Incapsula_Resource?SWJIYLWA=719d34d31c8e3a6e6fffd425f7e032f3&ns=1&cb=575273000,"HTTP/1.1 404 Not Found"
https://www.shizuokagas.co.jp/bridgeshizuoka/report/07/imgs/report_overview-illust01.png,"HTTP/1.1 404 Not Found"
https://www.shizuokagas.co.jp/bridgeshizuoka/report/08/imgs/report_overview-illust01.png,"HTTP/1.1 404 Not Found"
https://www.shizuokagas.co.jp/bridgeshizuoka/report/09/imgs/report_overview-illust01.png,"HTTP/1.1 404 Not Found"
https://www.shizuokagas.co.jp/bridgeshizuoka/report/10/imgs/report_overview-illust01.png,"HTTP/1.1 404 Not Found"
https://www.shizuokagas.co.jp/contents/faq.html,"HTTP/1.1 404 Not Found"
https://www.shizuokagas.co.jp/eneria/shizuokan/ajax.googleapis.com/ajax/libs/jquery/3.0.0/jquery.min.js,"HTTP/1.1 404 Not Found"
https://www.shizuokagas.co.jp/eneria/tobuc/ajax.googleapis.com/ajax/libs/jquery/3.0.0/jquery.min.js,"HTTP/1.1 404 Not Found"
https://www.shizuokagas.co.jp/home/trouble/earthquake.html/,"HTTP/1.1 404 Not Found"
https://www.shizuokagas.co.jp/home/trouble/stop.html/,"HTTP/1.1 404 Not Found"
https://www.shizuokagas.co.jp/information/newsflash/2013/images/0711_01.jpg,"HTTP/1.1 404 Not Found"
https://www.shizuokagas.co.jp/information/newsflash/2013/images/0711_02.jpg,"HTTP/1.1 404 Not Found"
https://www.shizuokagas.co.jp/information/newsflash/images/title_newsflash.gif,"HTTP/1.1 404 Not Found"
https://www.shizuokagas.co.jp/life/smartphone/index.html,"HTTP/1.1 404 Not Found"
https://www.shizuokagas.co.jp/setsuden/koatsu.html,"HTTP/1.1 404 Not Found"
https://www.shizuokagas.co.jp/society/environment.html/society/topics.html/,"HTTP/1.1 404 Not Found"
https://www.shizuokagas.co.jp/society/image/%E8%9D%A8%EF%BD%B0%E8%9D%93%E3%83%BB0240308.JPG,"HTTP/1.1 404 Not Found"
https://www.shizuokagas.co.jp/society/image/%E8%9D%A8%EF%BD%B0%E8%9D%93%E3%83%BB0240705.jpg,"HTTP/1.1 404 Not Found"
https://www.shizuokagas.co.jp/society/image/%E8%9D%A8%EF%BD%B0%E8%9D%93%E3%83%BB0240718.jpg,"HTTP/1.1 404 Not Found"
https://www.shizuokagas.co.jp/society/image/%E8%9D%A8%EF%BD%B0%E8%9D%93%E3%83%BB0240802%E7%AB%AD%EF%A3%B0.JPG,"HTTP/1.1 404 Not Found"
https://www.shizuokagas.co.jp/society/image/%E8%9D%A8%EF%BD%B0%E8%9D%93%E3%83%BB0240802%E7%AB%AD%EF%BD%A1.JPG,"HTTP/1.1 404 Not Found"
https://www.shizuokagas.co.jp/society/image/%E8%9D%A8%EF%BD%B0%E8%9D%93%E3%83%BB0240919.JPG,"HTTP/1.1 404 Not Found"
https://www.shizuokagas.co.jp/society/image/%E8%AD%81%E3%83%BB%E5%96%A720240511.JPG,"HTTP/1.1 404 Not Found"
https://www.shizuokagas.co.jp/society/image/%E8%AD%81%E3%83%BB%E5%96%A720240618.jpg,"HTTP/1.1 404 Not Found"
https://www.shizuokagas.co.jp/society/image/%E8%AD%81%E3%83%BB%E5%96%A720240821.JPG,"HTTP/1.1 404 Not Found"
https://www.shizuokagas.co.jp/society/image/%E8%AD%81%E3%83%BB%E5%96%A720240918.JPG,"HTTP/1.1 404 Not Found"
https://www.shizuokagas.co.jp/society/image/%E8%BF%BA%EF%BD%B0%E8%A0%85%E3%83%BB0240715.jpg,"HTTP/1.1 404 Not Found"
https://www.shizuokagas.co.jp/society/image/%E8%BF%BA%EF%BD%B0%E8%A0%85%E3%83%BB0240928.JPG,"HTTP/1.1 404 Not Found"
