URL,ステータス,最終更新日,サイズ
http://eee.tokyo-gas.co.jp/ngv/,(unchecked),(unchecked),(unchecked)
http://get.adobe.com/jp/reader/,(unchecked),(unchecked),(unchecked)
http://ir.shizuokagas.co.jp/corp_en/Top.html,(unchecked),(unchecked),(unchecked)
http://ir.shizuokagas.co.jp/ja/ir/Finance/Data.html,(unchecked),(unchecked),(unchecked)
http://ir.shizuokagas.co.jp/ja/Top.html,(unchecked),(unchecked),(unchecked)
http://ishinomaki2.com/,(unchecked),(unchecked),(unchecked)
http://lin.ee/xcCw3HL,(unchecked),(unchecked),(unchecked)
http://nav.cx/iHFPQZ1,(unchecked),(unchecked),(unchecked)
http://sanoman.jp/,(unchecked),(unchecked),(unchecked)
http://www.adobe.com/go/getreader,(unchecked),(unchecked),(unchecked)
http://www.daidogei.com/,(unchecked),(unchecked),(unchecked)
http://www.daihatsu.co.jp/wn/991213-1f.htm,(unchecked),(unchecked),(unchecked)
http://www.enable-javascript.com/ja/,(unchecked),(unchecked),(unchecked)
http://www.enecho.meti.go.jp/,(unchecked),(unchecked),(unchecked)
http://www.gas.or.jp/anzen/index.html,(unchecked),(unchecked),(unchecked)
http://www.gas.or.jp/anzen/kisochishiki/kanki/,(unchecked),(unchecked),(unchecked)
http://www.gas.or.jp/collabo/anshinken/index.html,(unchecked),(unchecked),(unchecked)
http://www.gas.or.jp/ngvj/index.html,(unchecked),(unchecked),(unchecked)
http://www.gasdemori.jp/,(unchecked),(unchecked),(unchecked)
http://www.gas-energy.co.jp/,(unchecked),(unchecked),(unchecked)
http://www.gas-energy.co.jp/index.html,(unchecked),(unchecked),(unchecked)
http://www.gasproc.or.jp/,(unchecked),(unchecked),(unchecked)
http://www.g-mark.org/award/describe/41594?token=OIFMJPsdaN,(unchecked),(unchecked),(unchecked)
http://www.google.co.jp/search,(unchecked),(unchecked),(unchecked)
http://www.j-credit.or.jp/,(unchecked),(unchecked),(unchecked)
http://www.kantan-grill.jp/,(unchecked),(unchecked),(unchecked)
http://www.kindaikenchiku.co.jp/pr1_details/20130702095406.html,(unchecked),(unchecked),(unchecked)
http://www.kindaikenchiku.co.jp/product1/index.html,(unchecked),(unchecked),(unchecked)
http://www.macromedia.com/go/getflash/,(unchecked),(unchecked),(unchecked)
http://www.marumo-sh.co.jp/,(unchecked),(unchecked),(unchecked)
http://www.meti.go.jp/policy/safety_security/industrial_safety/sangyo/citygas/aikotobademinaoshitai/index.html,(unchecked),(unchecked),(unchecked)
http://www.microsoft.com/japan/windows/windowsmedia/download/default.aspx,(unchecked),(unchecked),(unchecked)
http://www.mitsubishi-motors.co.jp/pressrelease/j/products/detail1683.html,(unchecked),(unchecked),(unchecked)
http://www.mlit.go.jp/jidosha/roadtransport.htm,(unchecked),(unchecked),(unchecked)
http://www.nissandiesel.co.jp/ECO/LOW_ENV/cng.html,(unchecked),(unchecked),(unchecked)
http://www.noritz.co.jp/info/08.html,(unchecked),(unchecked),(unchecked)
http://www.noritz.co.jp/info/10.html,(unchecked),(unchecked),(unchecked)
http://www.oigax.co.jp/,(unchecked),(unchecked),(unchecked)
http://www.osakagas.co.jp/index.html,(unchecked),(unchecked),(unchecked)
http://www.purpose.co.jp/,(unchecked),(unchecked),(unchecked)
http://www.saibugas.co.jp/,(unchecked),(unchecked),(unchecked)
http://www.sg-living.jp/,(unchecked),(unchecked),(unchecked)
http://www.shinkin-sis.co.jp/mmk/mmklist.html,(unchecked),(unchecked),(unchecked)
http://www.shizuokagas.co.jp/,(unchecked),(unchecked),(unchecked)
http://www.shizuokagas.co.jp/enefarm/index.html,(unchecked),(unchecked),(unchecked)
http://www.shizuokagas.co.jp/eneria/index.html,(unchecked),(unchecked),(unchecked)
http://www.shizuokagas.co.jp/info/policy.html,(unchecked),(unchecked),(unchecked)
http://www.shizuokagas.co.jp/info/web.html,(unchecked),(unchecked),(unchecked)
http://www.shizuokagas.co.jp/reform/index.html,(unchecked),(unchecked),(unchecked)
http://www.shizuokagas.co.jp/sgcredit/index.html,(unchecked),(unchecked),(unchecked)
http://www.siz-kankyou.jp/index.html,(unchecked),(unchecked),(unchecked)
http://www.sn-hotels.com/,(unchecked),(unchecked),(unchecked)
http://www.szta.or.jp/,(unchecked),(unchecked),(unchecked)
http://www.tohogas.co.jp/,(unchecked),(unchecked),(unchecked)
http://www.toyota.jp/,(unchecked),(unchecked),(unchecked)
http://www.uogashizushi.co.jp/,(unchecked),(unchecked),(unchecked)
https://accounts.wow-s.jp/,(unchecked),(unchecked),(unchecked)
https://apps.apple.com/jp/app/%E5%9C%B0%E5%9F%9Fpay%E3%83%A6%E3%83%BC%E3%82%B6%E3%83%BC%E7%94%A8%E3%82%A2%E3%83%97%E3%83%AA/id1591864835,(unchecked),(unchecked),(unchecked)
https://btoptout.yahoo.co.jp/optout/preferences.html,(unchecked),(unchecked),(unchecked)
https://denkigas-gekihenkanwa.go.jp/,(unchecked),(unchecked),(unchecked)
https://faq.shizuokagas.co.jp/faq/?site=MC1N47IK,(unchecked),(unchecked),(unchecked)
https://faq.shizuokagas.co.jp/faq/list?site=MC1N47IK,(unchecked),(unchecked),(unchecked)
https://fonts.googleapis.com/,(unchecked),(unchecked),(unchecked)
https://fonts.googleapis.com/css2?family=Inter:wght@700&family=M%20PLUS%20Rounded%201c:wght@500;700&family=Noto%20Sans%20JP:wght@400;500;600;700&display=swap,(unchecked),(unchecked),(unchecked)
https://fonts.googleapis.com/css2?family=M%20PLUS%201p:wght@500;700;800;900&display=swap,(unchecked),(unchecked),(unchecked)
https://fonts.googleapis.com/css2?family=M%20PLUS%201p:wght@500;700;800;900&family=Oswald:wght@600&display=swap,(unchecked),(unchecked),(unchecked)
https://fonts.googleapis.com/css2?family=M%20PLUS%20Rounded%201c:wght@400;700;800&family=Noto%20Sans%20JP:wght@300;400;500;700&display=swap,(unchecked),(unchecked),(unchecked)
https://fonts.googleapis.com/css2?family=Noto%20Sans%20JP:wght@700&display=swap,(unchecked),(unchecked),(unchecked)
https://fonts.gstatic.com/,(unchecked),(unchecked),(unchecked)
https://form.run/@eneriashizuoka-housecleaning,(unchecked),(unchecked),(unchecked)
https://form.run/@eneriatobu-housecleaning,(unchecked),(unchecked),(unchecked)
https://forms.gle/d2m14LmDGuyWkaEU9,(unchecked),(unchecked),(unchecked)
https://forms.office.com/Pages/ResponsePage.aspx?id=vVCdzVfC30al8AnqM_wRn6DH8Et2p7BGiw-BZJn2ghRUM05DQ1dEMFNRRDE4WjdCTTEyR1JTRTc3SyQlQCN0PWcu,(unchecked),(unchecked),(unchecked)
https://forms.office.com/r/qK7RUQb3ev?origin=lprLink,(unchecked),(unchecked),(unchecked)
https://get.adobe.com/jp/reader/,(unchecked),(unchecked),(unchecked)
https://gotemba-gas.jp/,(unchecked),(unchecked),(unchecked)
https://ir.shizuokagas.co.jp/en/Top.html,(unchecked),(unchecked),(unchecked)
https://ir.shizuokagas.co.jp/ja/ir/Top.html,(unchecked),(unchecked),(unchecked)
https://ir.shizuokagas.co.jp/ja/Top.html,(unchecked),(unchecked),(unchecked)
https://itunes.apple.com/jp/app/with-home/id1314211160?l=ja&ls=1&mt=8,(unchecked),(unchecked),(unchecked)
https://izugeopark.org/shizgas/,(unchecked),(unchecked),(unchecked)
https://job.axol.jp/jn/p/shizuokagas_p/entry/agreement,(unchecked),(unchecked),(unchecked)
https://job.axol.jp/qd/s/shizuokagas_26/entry/,(unchecked),(unchecked),(unchecked)
https://jutaku-shoene2024.mlit.go.jp/,(unchecked),(unchecked),(unchecked)
https://krs.bz/shizgas/m/otoiawase_gyoumuyo_sangyouyo,(unchecked),(unchecked),(unchecked)
https://krs.bz/shizgas/m/otoiawase_ippan,(unchecked),(unchecked),(unchecked)
https://krs.bz/shizgas/m/shizgas_denki?e_6=1&e_20=1&e_16=1,(unchecked),(unchecked),(unchecked)
https://krs.bz/shizgas/m/shizgas_denki?e_6=1&e_20=30&e_16=30,(unchecked),(unchecked),(unchecked)
https://krs.bz/shizgas/m/shizuokagas_inquiry_afterfit,(unchecked),(unchecked),(unchecked)
https://krs.bz/shizgas/m/shizuokagas_owners_inquiry,(unchecked),(unchecked),(unchecked)
https://krs.bz/shizgas/m/shizuokagas_owners_join,(unchecked),(unchecked),(unchecked)
https://krs.bz/shizgas/m/shizuokagas_owners_questionnaire,(unchecked),(unchecked),(unchecked)
https://krs.bz/shizgas/m/shizuokagas_society_contact,(unchecked),(unchecked),(unchecked)
https://kyutou-shoene2024.meti.go.jp/,(unchecked),(unchecked),(unchecked)
https://lp.toysub.net/lp_shizgas_original/index.html,(unchecked),(unchecked),(unchecked)
https://lp.toysub.net/lp_shizgas_regular/index.html,(unchecked),(unchecked),(unchecked)
https://mail-mag.shizuokagas.co.jp/bm/p/bn/list.php?i=szgmail_admin&no=all,(unchecked),(unchecked),(unchecked)
https://member.shizuokagas.co.jp/contents/faq.html,(unchecked),(unchecked),(unchecked)
https://member.shizuokagas.co.jp/contents/pointrule.html,(unchecked),(unchecked),(unchecked)
https://member.shizuokagas.co.jp/contents/rule.html,(unchecked),(unchecked),(unchecked)
https://member.shizuokagas.co.jp/cooking/2051/list/,(unchecked),(unchecked),(unchecked)
https://member.shizuokagas.co.jp/cooking/2078/list/,(unchecked),(unchecked),(unchecked)
https://member.shizuokagas.co.jp/cooking/2098/list/,(unchecked),(unchecked),(unchecked)
https://member.shizuokagas.co.jp/cooking/online/list/,(unchecked),(unchecked),(unchecked)
https://member.shizuokagas.co.jp/entry/input,(unchecked),(unchecked),(unchecked)
https://member.shizuokagas.co.jp/login,(unchecked),(unchecked),(unchecked)
https://member.shizuokagas.co.jp/member/,(unchecked),(unchecked),(unchecked)
https://member.shizuokagas.co.jp/member/leave/input,(unchecked),(unchecked),(unchecked)
https://member.shizuokagas.co.jp/member/point/list/,(unchecked),(unchecked),(unchecked)
https://member.shizuokagas.co.jp/member/service/,(unchecked),(unchecked),(unchecked)
https://member.shizuokagas.co.jp/member/update/input,(unchecked),(unchecked),(unchecked)
https://member.shizuokagas.co.jp/member/used_amount/,(unchecked),(unchecked),(unchecked)
https://member.shizuokagas.co.jp/use/list,(unchecked),(unchecked),(unchecked)
https://member.shizuokagas.co.jp/use/list/,(unchecked),(unchecked),(unchecked)
https://minatomachibar.jimdo.com/,(unchecked),(unchecked),(unchecked)
https://miraeco.shizuokagas.co.jp/index.html,(unchecked),(unchecked),(unchecked)
https://omachibar.com/,(unchecked),(unchecked),(unchecked)
https://payb.jp/,(unchecked),(unchecked),(unchecked)
https://pay-blog.line.me/archives/74562305.html,(unchecked),(unchecked),(unchecked)
https://paypay.ne.jp/event/bill-payment/,(unchecked),(unchecked),(unchecked)
https://play.google.com/store/apps/details?id=com.kddi.withhome,(unchecked),(unchecked),(unchecked)
https://play.google.com/store/apps/details?id=jp.co.toppan.chiikipay,(unchecked),(unchecked),(unchecked)
https://service.smt.docomo.ne.jp/keitai_payment/guide/invoice/index.html,(unchecked),(unchecked),(unchecked)
https://sgas-service.co.jp/,(unchecked),(unchecked),(unchecked)
https://shinshugas.co.jp/,(unchecked),(unchecked),(unchecked)
https://shizgas-enarea-parking.nokisaki.com/,(unchecked),(unchecked),(unchecked)
https://shizgasgreeen.shizuokagas.co.jp/,(unchecked),(unchecked),(unchecked)
https://shizugassoccer.studio.site/,(unchecked),(unchecked),(unchecked)
https://shizuoka-cc.jp/,(unchecked),(unchecked),(unchecked)
https://sii.or.jp/,(unchecked),(unchecked),(unchecked)
https://sioribi.jp/,(unchecked),(unchecked),(unchecked)
https://teiden.powergrid.chuden.co.jp/p/index.html,(unchecked),(unchecked),(unchecked)
https://teideninfo.tepco.co.jp/,(unchecked),(unchecked),(unchecked)
https://twitter.com/shizuokagas_hr,(unchecked),(unchecked),(unchecked)
https://twitter.com/shizuokagas_hr?s=11&t=knIcY7zDNdMFIzNnKvJWpw,(unchecked),(unchecked),(unchecked)
https://twitter.com/shizuokagas_pr,(unchecked),(unchecked),(unchecked)
https://url.mui-cloud.net/v1/s/shizgas-appstore,(unchecked),(unchecked),(unchecked)
https://url.mui-cloud.net/v1/s/shizgas-playstore,(unchecked),(unchecked),(unchecked)
https://wallet.auone.jp/contents/lp/billpayment/index.html,(unchecked),(unchecked),(unchecked)
https://www.855756.com/cocosecom_with_home_app/index.html,(unchecked),(unchecked),(unchecked)
https://www.chuengas.co.jp/,(unchecked),(unchecked),(unchecked)
https://www.city.atami.lg.jp/kurashi/kankyo/1000809/1000810.html,(unchecked),(unchecked),(unchecked)
https://www.city.fuji.shizuoka.jp/kurashi/c0903/rn2ola000004lzdv.html,(unchecked),(unchecked),(unchecked)
https://www.city.fujinomiya.lg.jp/citizen/llti2b0000000wui.html,(unchecked),(unchecked),(unchecked)
https://www.city.fukuroi.shizuoka.jp/kurashi_tetsuzuki/kankyo_energy/shinene/1489732154877.html,(unchecked),(unchecked),(unchecked)
https://www.city.gotemba.lg.jp/kurashi/b-11/b-11-4/14908.html,(unchecked),(unchecked),(unchecked)
https://www.city.ito.shizuoka.jp/gyosei/soshikikarasagasu/kankyoka/kurashi_tetsuzuki/1/4/12542.html,(unchecked),(unchecked),(unchecked)
https://www.city.iwata.shizuoka.jp/kurashi_tetsuzuki/kankyou_hozen/kankyou/1001493.html,(unchecked),(unchecked),(unchecked)
https://www.city.izunokuni.shizuoka.jp/kankyou/kurashi/hojo/sinenehojo.html,(unchecked),(unchecked),(unchecked)
https://www.city.kakegawa.shizuoka.jp/gyosei/docs/381860.html,(unchecked),(unchecked),(unchecked)
https://www.city.kosai.shizuoka.jp/soshikiichiran/kankyoka/gyomuannai/hojokinkankei/14403.html,(unchecked),(unchecked),(unchecked)
https://www.city.mishima.shizuoka.jp/ipn056501.html,(unchecked),(unchecked),(unchecked)
https://www.city.numazu.shizuoka.jp/kurashi/sumai/kankyo/hojyo/shinene.htm,(unchecked),(unchecked),(unchecked)
https://www.city.shimada.shizuoka.jp/kurashi-docs/281945682.html,(unchecked),(unchecked),(unchecked)
https://www.city.yaizu.lg.jp/life/kankyo/josei/enefarm.html,(unchecked),(unchecked),(unchecked)
https://www.eic.or.jp/,(unchecked),(unchecked),(unchecked)
https://www.enareashizuoka.shizuokagas.co.jp/,(unchecked),(unchecked),(unchecked)
https://www.enareatoubu.shizuokagas.co.jp/,(unchecked),(unchecked),(unchecked)
https://www.enecho.meti.go.jp/category/saving_and_new/advanced_systems/vpp_dr/files/20171129001-1.pdf,(unchecked),(unchecked),(unchecked)
https://www.enecho.meti.go.jp/category/saving_and_new/saiene/kaitori/surcharge.html,(unchecked),(unchecked),(unchecked)
https://www.enecho.meti.go.jp/category/saving_and_new/saving/index.html,(unchecked),(unchecked),(unchecked)
https://www.eneriareform.com/,(unchecked),(unchecked),(unchecked)
https://www.e-ticket.shizuokagas.co.jp/,(unchecked),(unchecked),(unchecked)
https://www.facebook.com/bridgeshizuoka,(unchecked),(unchecked),(unchecked)
https://www.facebook.com/bridgeshizuoka/,(unchecked),(unchecked),(unchecked)
https://www.facebook.com/shizuokagas/,(unchecked),(unchecked),(unchecked)
https://www.family.co.jp/famipay/payment.html,(unchecked),(unchecked),(unchecked)
https://www.fukuroigas.co.jp/,(unchecked),(unchecked),(unchecked)
https://www.gas.or.jp/anzen/campaign/,(unchecked),(unchecked),(unchecked)
https://www.gas.or.jp/gaszeb/,(unchecked),(unchecked),(unchecked)
https://www.gas.or.jp/gijutsu/,(unchecked),(unchecked),(unchecked)
https://www.gas-energy.co.jp/,(unchecked),(unchecked),(unchecked)
https://www.gas-energy.co.jp/about/rec-gasservice.html,(unchecked),(unchecked),(unchecked)
https://www.google.co.jp/search,(unchecked),(unchecked),(unchecked)
"https://www.google.com/maps/@35.0077024,138.2908424,11z/data=!3m1!4b1!4m2!6m1!1s16b2RK-MUPRUIJIrQ4DEirblm0bvUm3M?authuser=2",(unchecked),(unchecked),(unchecked)
"https://www.google.com/maps/@35.1481557,138.6421198,11z/data=!3m1!4b1!4m2!6m1!1s1JziCDdfAJgQ-XsRCsyEf-8IOJyNtGT8?authuser=2",(unchecked),(unchecked),(unchecked)
https://www.google.com/settings/ads/?hl=ja,(unchecked),(unchecked),(unchecked)
https://www.instagram.com/shizuokagas_cooking_studio/,(unchecked),(unchecked),(unchecked)
https://www.instagram.com/shizuokagas_enarea_reform/,(unchecked),(unchecked),(unchecked)
https://www.kanouya.jp/,(unchecked),(unchecked),(unchecked)
https://www.kousei-h.co.jp/,(unchecked),(unchecked),(unchecked)
https://www.kuradashi.jp/shizcal,(unchecked),(unchecked),(unchecked)
https://www.lpgc.or.jp/index.html,(unchecked),(unchecked),(unchecked)
https://www.microsoft.com/en-us/windows/,(unchecked),(unchecked),(unchecked)
https://www.nta.go.jp/taxes/shiraberu/zeimokubetsu/shohi/keigenzeiritsu/invoice_about.htm,(unchecked),(unchecked),(unchecked)
https://www.purpose.co.jp/news/detail/204,(unchecked),(unchecked),(unchecked)
https://www.rakuten-bank.co.jp/transfer/cvs-payment/,(unchecked),(unchecked),(unchecked)
https://www.rcp-panacea.com/,(unchecked),(unchecked),(unchecked)
https://www.sadogas.co.jp/,(unchecked),(unchecked),(unchecked)
https://www.sg-hoken.co.jp/,(unchecked),(unchecked),(unchecked)
https://www.sg-living.jp/,(unchecked),(unchecked),(unchecked)
https://www.sg-living.jp/reform/,(unchecked),(unchecked),(unchecked)
https://www.sg-ss.jp/,(unchecked),(unchecked),(unchecked)
https://www.shimadagas.co.jp/,(unchecked),(unchecked),(unchecked)
https://www.shimodagas.co.jp/,(unchecked),(unchecked),(unchecked)
https://www.s-pulse.co.jp/,(unchecked),(unchecked),(unchecked)
https://www.town.nagaizumi.lg.jp/soshiki/kurashikankyo/3_1/8926.html,(unchecked),(unchecked),(unchecked)
https://www.town.shimizu.shizuoka.jp/chiiki/chiiki00022.html,(unchecked),(unchecked),(unchecked)
https://www.trunk.services/lp/shizgas,(unchecked),(unchecked),(unchecked)
https://www.uchieco-shindan.jp/,(unchecked),(unchecked),(unchecked)
https://www.yoshidagas.co.jp/,(unchecked),(unchecked),(unchecked)
https://www.youtube.com/channel/UC9OvcXX3r3AL5ak7peENP0A,(unchecked),(unchecked),(unchecked)
https://www.youtube.com/embed/mez3dDUQ9SM,(unchecked),(unchecked),(unchecked)
https://www.youtube.com/watch?v=CCO4Jpt3WJo,(unchecked),(unchecked),(unchecked)
https://www.youtube.com/watch?v=QUYVq33_lEw,(unchecked),(unchecked),(unchecked)
https://www.youtube.com/watch?v=wgxTVMJUAXA,(unchecked),(unchecked),(unchecked)
https://youtu.be/U7fND3S6Y5k?si=8XztuNknI66sDNCG,(unchecked),(unchecked),(unchecked)
https://youtu.be/VkQoTx5VwnY,(unchecked),(unchecked),(unchecked)
tel:0120113531,(unchecked),(unchecked),(unchecked)
tel:0120245004,(unchecked),(unchecked),(unchecked)
tel:0120985232,(unchecked),(unchecked),(unchecked)
tel:0120995007,(unchecked),(unchecked),(unchecked)
tel:054-203-7230,(unchecked),(unchecked),(unchecked)
tel:0542844371,(unchecked),(unchecked),(unchecked)
tel:054-284-4371,(unchecked),(unchecked),(unchecked)
tel:054-284-7986,(unchecked),(unchecked),(unchecked)
tel:0542850267,(unchecked),(unchecked),(unchecked)
tel:0542852111,(unchecked),(unchecked),(unchecked)
tel:054-285-2115,(unchecked),(unchecked),(unchecked)
tel:0542852138,(unchecked),(unchecked),(unchecked)
tel:054-285-2171,(unchecked),(unchecked),(unchecked)
tel:0543401231,(unchecked),(unchecked),(unchecked)
tel:0545519244,(unchecked),(unchecked),(unchecked)
tel:0545522260,(unchecked),(unchecked),(unchecked)
tel:0545577500,(unchecked),(unchecked),(unchecked)
tel:0545678200,(unchecked),(unchecked),(unchecked)
tel:0559272273,(unchecked),(unchecked),(unchecked)
tel:0559272811,(unchecked),(unchecked),(unchecked)
tel:0559915010,(unchecked),(unchecked),(unchecked)
tel:0570020160,(unchecked),(unchecked),(unchecked)
tel:0570020161,(unchecked),(unchecked),(unchecked)
tel:0570-020-161,(unchecked),(unchecked),(unchecked)
tel:0570099189,(unchecked),(unchecked),(unchecked)
